date,location,new_cases,total_cases,new_deaths,total_deaths,new_tests,total_tests,positive_rate,population
2020-03-13,Ghana,2.0,2.0,0.0,0.0,,,,31072945.0
2020-03-15,Ghana,0.0,2.0,0.0,0.0,,,,31072945.0
2020-03-16,Ghana,0.0,2.0,0.0,0.0,,,,31072945.0
2020-03-17,Ghana,4.0,6.0,0.0,0.0,,143.0,,31072945.0
2020-03-18,Ghana,0.0,6.0,0.0,0.0,,,,31072945.0
2020-03-19,Ghana,1.0,7.0,0.0,0.0,,,,31072945.0
2020-03-20,Ghana,4.0,11.0,0.0,0.0,,,,31072945.0
2020-03-21,Ghana,5.0,16.0,0.0,0.0,,,,31072945.0
2020-03-22,Ghana,5.0,21.0,1.0,1.0,,315.0,,31072945.0
2020-03-23,Ghana,3.0,24.0,0.0,1.0,206.0,521.0,,31072945.0
2020-03-24,Ghana,3.0,27.0,1.0,2.0,,,0.027,31072945.0
2020-03-25,Ghana,26.0,53.0,0.0,2.0,,,0.0409999999999999,31072945.0
2020-03-26,Ghana,15.0,68.0,1.0,3.0,,,0.0409999999999999,31072945.0
2020-03-27,Ghana,64.0,132.0,0.0,3.0,,,0.064,31072945.0
2020-03-28,Ghana,5.0,137.0,0.0,3.0,,2519.0,0.054,31072945.0
2020-03-29,Ghana,4.0,141.0,2.0,5.0,,,0.037,31072945.0
2020-03-30,Ghana,11.0,152.0,0.0,5.0,,,0.032,31072945.0
2020-03-31,Ghana,0.0,152.0,0.0,5.0,,,0.027,31072945.0
2020-04-01,Ghana,0.0,152.0,0.0,5.0,,,0.019,31072945.0
2020-04-02,Ghana,43.0,195.0,0.0,5.0,,,0.022,31072945.0
2020-04-03,Ghana,9.0,204.0,0.0,5.0,,,0.011,31072945.0
2020-04-04,Ghana,1.0,205.0,0.0,5.0,,,0.01,31072945.0
2020-04-05,Ghana,9.0,214.0,0.0,5.0,,,0.01,31072945.0
2020-04-06,Ghana,0.0,214.0,0.0,5.0,,,0.009,31072945.0
2020-04-07,Ghana,73.0,287.0,0.0,5.0,,,0.019,31072945.0
2020-04-08,Ghana,0.0,287.0,0.0,5.0,,,0.019,31072945.0
2020-04-09,Ghana,26.0,313.0,1.0,6.0,,14611.0,0.017,31072945.0
2020-04-10,Ghana,65.0,378.0,0.0,6.0,12735.0,27346.0,0.009,31072945.0
2020-04-11,Ghana,0.0,378.0,0.0,6.0,10608.0,37954.0,0.006,31072945.0
2020-04-12,Ghana,30.0,408.0,2.0,8.0,,,0.006,31072945.0
2020-04-13,Ghana,158.0,566.0,0.0,8.0,,,0.01,31072945.0
2020-04-14,Ghana,0.0,566.0,0.0,8.0,,50719.0,0.0069999999999999,31072945.0
2020-04-15,Ghana,70.0,636.0,0.0,8.0,6281.0,57000.0,0.008,31072945.0
2020-04-16,Ghana,5.0,641.0,0.0,8.0,,,0.008,31072945.0
2020-04-17,Ghana,0.0,641.0,0.0,8.0,,,0.008,31072945.0
2020-04-18,Ghana,0.0,641.0,0.0,8.0,,60916.0,0.011,31072945.0
2020-04-19,Ghana,193.0,834.0,1.0,9.0,7675.0,68591.0,0.016,31072945.0
2020-04-20,Ghana,208.0,1042.0,0.0,9.0,,,0.017,31072945.0
2020-04-21,Ghana,0.0,1042.0,0.0,9.0,,,0.015,31072945.0
2020-04-22,Ghana,0.0,1042.0,0.0,9.0,,88188.0,0.013,31072945.0
2020-04-23,Ghana,112.0,1154.0,0.0,9.0,,,0.015,31072945.0
2020-04-24,Ghana,0.0,1154.0,0.0,9.0,,,0.0139999999999999,31072945.0
2020-04-25,Ghana,125.0,1279.0,1.0,10.0,,100622.0,0.016,31072945.0
2020-04-26,Ghana,0.0,1279.0,0.0,10.0,,,0.013,31072945.0
2020-04-27,Ghana,271.0,1550.0,1.0,11.0,,106090.0,0.016,31072945.0
2020-04-28,Ghana,0.0,1550.0,0.0,11.0,7407.0,113497.0,0.016,31072945.0
2020-04-29,Ghana,121.0,1671.0,5.0,16.0,,,0.024,31072945.0
2020-04-30,Ghana,0.0,1671.0,0.0,16.0,,,0.022,31072945.0
2020-05-01,Ghana,403.0,2074.0,1.0,17.0,,117049.0,0.045,31072945.0
2020-05-02,Ghana,0.0,2074.0,0.0,17.0,12412.0,129461.0,0.0279999999999999,31072945.0
2020-05-03,Ghana,95.0,2169.0,1.0,18.0,,,0.03,31072945.0
2020-05-04,Ghana,0.0,2169.0,0.0,18.0,,135902.0,0.021,31072945.0
2020-05-05,Ghana,550.0,2719.0,0.0,18.0,,,0.043,31072945.0
2020-05-06,Ghana,0.0,2719.0,0.0,18.0,,,0.034,31072945.0
2020-05-07,Ghana,372.0,3091.0,0.0,18.0,,149948.0,0.042,31072945.0
2020-05-08,Ghana,0.0,3091.0,0.0,18.0,5253.0,155201.0,0.027,31072945.0
2020-05-09,Ghana,921.0,4012.0,0.0,18.0,,,0.068,31072945.0
2020-05-10,Ghana,251.0,4263.0,4.0,22.0,,160501.0,0.075,31072945.0
2020-05-11,Ghana,0.0,4263.0,0.0,22.0,1683.0,162184.0,0.08,31072945.0
2020-05-12,Ghana,437.0,4700.0,0.0,22.0,3249.0,165433.0,0.08,31072945.0
2020-05-13,Ghana,427.0,5127.0,0.0,22.0,3252.0,168685.0,0.103,31072945.0
2020-05-14,Ghana,281.0,5408.0,2.0,24.0,3938.0,172623.0,0.102,31072945.0
2020-05-15,Ghana,122.0,5530.0,0.0,24.0,1454.0,174077.0,0.129,31072945.0
2020-05-16,Ghana,108.0,5638.0,4.0,28.0,,,0.083,31072945.0
2020-05-17,Ghana,97.0,5735.0,1.0,29.0,,180567.0,0.073,31072945.0
2020-05-18,Ghana,0.0,5735.0,0.0,29.0,3776.0,184343.0,0.066,31072945.0
2020-05-19,Ghana,0.0,5735.0,0.0,29.0,3586.0,187929.0,0.046,31072945.0
2020-05-20,Ghana,361.0,6096.0,2.0,31.0,4265.0,192194.0,0.0409999999999999,31072945.0
2020-05-21,Ghana,173.0,6269.0,0.0,31.0,1511.0,193705.0,0.0409999999999999,31072945.0
2020-05-22,Ghana,217.0,6486.0,0.0,31.0,1058.0,194763.0,0.046,31072945.0
2020-05-23,Ghana,131.0,6617.0,0.0,31.0,3412.0,198175.0,0.047,31072945.0
2020-05-24,Ghana,0.0,6617.0,0.0,31.0,3955.0,202130.0,0.0409999999999999,31072945.0
2020-05-25,Ghana,66.0,6683.0,1.0,32.0,1253.0,203383.0,0.05,31072945.0
2020-05-26,Ghana,125.0,6808.0,0.0,32.0,2507.0,205890.0,0.06,31072945.0
2020-05-27,Ghana,309.0,7117.0,2.0,34.0,2438.0,208328.0,0.063,31072945.0
2020-05-28,Ghana,186.0,7303.0,0.0,34.0,3294.0,211622.0,0.0579999999999999,31072945.0
2020-05-29,Ghana,0.0,7303.0,0.0,34.0,3334.0,214956.0,0.04,31072945.0
2020-05-30,Ghana,313.0,7616.0,0.0,34.0,3469.0,218425.0,0.049,31072945.0
2020-05-31,Ghana,152.0,7768.0,1.0,35.0,1400.0,219825.0,0.065,31072945.0
2020-06-01,Ghana,302.0,8070.0,1.0,36.0,328.0,220153.0,0.083,31072945.0
2020-06-02,Ghana,0.0,8070.0,0.0,36.0,2912.0,223065.0,0.073,31072945.0
2020-06-03,Ghana,227.0,8297.0,2.0,38.0,3676.0,226741.0,0.064,31072945.0
2020-06-04,Ghana,251.0,8548.0,0.0,38.0,2352.0,229093.0,0.071,31072945.0
2020-06-05,Ghana,337.0,8885.0,0.0,38.0,4641.0,233734.0,0.084,31072945.0
2020-06-06,Ghana,283.0,9168.0,4.0,42.0,1709.0,235443.0,0.091,31072945.0
2020-06-07,Ghana,294.0,9462.0,2.0,44.0,3952.0,239395.0,0.087,31072945.0
2020-06-08,Ghana,176.0,9638.0,0.0,44.0,809.0,240204.0,0.078,31072945.0
2020-06-09,Ghana,272.0,9910.0,4.0,48.0,2014.0,242218.0,0.096,31072945.0
2020-06-10,Ghana,291.0,10201.0,0.0,48.0,3230.0,245448.0,0.102,31072945.0
2020-06-11,Ghana,157.0,10358.0,0.0,48.0,2144.0,247592.0,0.098,31072945.0
2020-06-12,Ghana,0.0,10358.0,0.0,48.0,3302.0,250894.0,0.086,31072945.0
2020-06-13,Ghana,760.0,11118.0,0.0,48.0,3437.0,254331.0,0.103,31072945.0
2020-06-14,Ghana,304.0,11422.0,3.0,51.0,1640.0,255971.0,0.118,31072945.0
2020-06-15,Ghana,542.0,11964.0,3.0,54.0,2039.0,258010.0,0.131,31072945.0
2020-06-16,Ghana,0.0,11964.0,0.0,54.0,3309.0,261319.0,0.108,31072945.0
2020-06-17,Ghana,229.0,12193.0,4.0,58.0,2406.0,263725.0,0.109,31072945.0
2020-06-18,Ghana,397.0,12590.0,8.0,66.0,3561.0,267286.0,0.113,31072945.0
2020-06-19,Ghana,339.0,12929.0,0.0,66.0,,,0.144,31072945.0
2020-06-20,Ghana,274.0,13203.0,4.0,70.0,,270300.0,0.131,31072945.0
2020-06-21,Ghana,508.0,13711.0,15.0,85.0,7250.0,277550.0,0.106,31072945.0
2020-06-22,Ghana,443.0,14154.0,0.0,85.0,2566.0,280116.0,0.099,31072945.0
2020-06-23,Ghana,0.0,14154.0,0.0,85.0,3008.0,283124.0,0.1,31072945.0
2020-06-24,Ghana,414.0,14568.0,10.0,95.0,3329.0,286453.0,0.104,31072945.0
2020-06-25,Ghana,445.0,15013.0,0.0,95.0,2012.0,288465.0,0.114,31072945.0
2020-06-26,Ghana,460.0,15473.0,0.0,95.0,1900.0,290365.0,0.118,31072945.0
2020-06-27,Ghana,361.0,15834.0,8.0,103.0,4502.0,294867.0,0.107,31072945.0
2020-06-28,Ghana,597.0,16431.0,0.0,103.0,2724.0,297591.0,0.136,31072945.0
2020-06-29,Ghana,920.0,17351.0,9.0,112.0,2929.0,300520.0,0.157,31072945.0
2020-06-30,Ghana,0.0,17351.0,0.0,112.0,,,0.154,31072945.0
2020-07-01,Ghana,390.0,17741.0,0.0,112.0,,307133.0,0.153,31072945.0
2020-07-02,Ghana,393.0,18134.0,5.0,117.0,3026.0,310159.0,0.144,31072945.0
2020-07-03,Ghana,0.0,18134.0,0.0,117.0,3298.0,313457.0,0.115,31072945.0
2020-07-04,Ghana,1254.0,19388.0,0.0,117.0,3341.0,316798.0,0.162,31072945.0
2020-07-05,Ghana,0.0,19388.0,0.0,117.0,3273.0,320071.0,0.132,31072945.0
2020-07-06,Ghana,697.0,20085.0,5.0,122.0,2839.0,322910.0,0.122,31072945.0
2020-07-07,Ghana,992.0,21077.0,7.0,129.0,2540.0,325450.0,0.172,31072945.0
2020-07-08,Ghana,891.0,21968.0,0.0,129.0,1559.0,327009.0,0.213,31072945.0
2020-07-09,Ghana,854.0,22822.0,0.0,129.0,1374.0,328383.0,0.257,31072945.0
2020-07-10,Ghana,641.0,23463.0,0.0,129.0,2983.0,331366.0,0.298,31072945.0
2020-07-11,Ghana,371.0,23834.0,6.0,135.0,2735.0,334101.0,0.257,31072945.0
2020-07-12,Ghana,414.0,24248.0,0.0,135.0,1992.0,336093.0,0.303,31072945.0
2020-07-13,Ghana,270.0,24518.0,4.0,139.0,3398.0,339491.0,0.267,31072945.0
2020-07-14,Ghana,470.0,24988.0,0.0,139.0,2428.0,341919.0,0.237,31072945.0
2020-07-15,Ghana,0.0,24988.0,0.0,139.0,2218.0,344137.0,0.176,31072945.0
2020-07-16,Ghana,442.0,25430.0,0.0,139.0,2853.0,346990.0,0.14,31072945.0
2020-07-17,Ghana,695.0,26125.0,0.0,139.0,2762.0,349752.0,0.145,31072945.0
2020-07-18,Ghana,447.0,26572.0,5.0,144.0,4000.0,353752.0,0.139,31072945.0
2020-07-19,Ghana,488.0,27060.0,1.0,145.0,3468.0,357220.0,0.133,31072945.0
2020-07-20,Ghana,607.0,27667.0,3.0,148.0,4322.0,361542.0,0.143,31072945.0
2020-07-21,Ghana,763.0,28430.0,5.0,153.0,3739.0,365281.0,0.147,31072945.0
2020-07-22,Ghana,559.0,28989.0,0.0,153.0,3899.0,369180.0,0.16,31072945.0
2020-07-23,Ghana,683.0,29672.0,0.0,153.0,3393.0,372573.0,0.166,31072945.0
2020-07-24,Ghana,694.0,30366.0,0.0,153.0,2039.0,374612.0,0.171,31072945.0
2020-07-25,Ghana,691.0,31057.0,8.0,161.0,4123.0,378735.0,0.18,31072945.0
2020-07-26,Ghana,794.0,31851.0,0.0,161.0,4017.0,382752.0,0.188,31072945.0
2020-07-27,Ghana,1118.0,32969.0,7.0,168.0,4584.0,387336.0,0.206,31072945.0
2020-07-28,Ghana,655.0,33624.0,0.0,168.0,4042.0,391378.0,0.1989999999999999,31072945.0
2020-07-29,Ghana,782.0,34406.0,0.0,168.0,,,0.218,31072945.0
2020-07-30,Ghana,736.0,35142.0,7.0,175.0,,396731.0,0.226,31072945.0
2020-07-31,Ghana,0.0,35142.0,0.0,175.0,2715.0,399446.0,0.192,31072945.0
2020-08-01,Ghana,359.0,35501.0,7.0,182.0,3118.0,402564.0,0.187,31072945.0
2020-08-02,Ghana,1513.0,37014.0,0.0,182.0,3253.0,405817.0,0.2239999999999999,31072945.0
2020-08-03,Ghana,0.0,37014.0,0.0,182.0,1771.0,407588.0,0.2,31072945.0
2020-08-04,Ghana,798.0,37812.0,9.0,191.0,1785.0,409373.0,0.233,31072945.0
2020-08-05,Ghana,0.0,37812.0,0.0,191.0,2166.0,411539.0,0.195,31072945.0
2020-08-06,Ghana,1263.0,39075.0,8.0,199.0,2296.0,413835.0,0.23,31072945.0
2020-08-07,Ghana,1022.0,40097.0,7.0,206.0,1836.0,415671.0,0.305,31072945.0
2020-08-08,Ghana,0.0,40097.0,0.0,206.0,1317.0,416988.0,0.319,31072945.0
2020-08-09,Ghana,436.0,40533.0,0.0,206.0,1340.0,418328.0,0.281,31072945.0
2020-08-10,Ghana,470.0,41003.0,9.0,215.0,1262.0,419590.0,0.332,31072945.0
2020-08-11,Ghana,209.0,41212.0,0.0,215.0,1998.0,421588.0,0.278,31072945.0
2020-08-12,Ghana,192.0,41404.0,0.0,215.0,1420.0,423008.0,0.313,31072945.0
2020-08-13,Ghana,321.0,41725.0,8.0,223.0,1307.0,424315.0,0.253,31072945.0
2020-08-14,Ghana,122.0,41847.0,0.0,223.0,1654.0,425969.0,0.17,31072945.0
2020-08-15,Ghana,216.0,42063.0,8.0,231.0,1152.0,427121.0,0.1939999999999999,31072945.0
2020-08-16,Ghana,147.0,42210.0,0.0,231.0,1574.0,428695.0,0.162,31072945.0
2020-08-17,Ghana,322.0,42532.0,0.0,231.0,1078.0,429773.0,0.15,31072945.0
2020-08-18,Ghana,121.0,42653.0,8.0,239.0,1499.0,431272.0,0.149,31072945.0
2020-08-19,Ghana,340.0,42993.0,9.0,248.0,1100.0,432372.0,0.17,31072945.0
2020-08-20,Ghana,101.0,43094.0,8.0,256.0,1131.0,433503.0,0.149,31072945.0
2020-08-21,Ghana,166.0,43260.0,5.0,261.0,1606.0,435109.0,0.155,31072945.0
2020-08-22,Ghana,65.0,43325.0,0.0,261.0,1144.0,436253.0,0.138,31072945.0
2020-08-23,Ghana,180.0,43505.0,0.0,261.0,748.0,437001.0,0.156,31072945.0
2020-08-24,Ghana,0.0,43505.0,0.0,261.0,749.0,437750.0,0.122,31072945.0
2020-08-25,Ghana,117.0,43622.0,2.0,263.0,1496.0,439246.0,0.122,31072945.0
2020-08-26,Ghana,95.0,43717.0,7.0,270.0,1738.0,440984.0,0.084,31072945.0
2020-08-27,Ghana,124.0,43841.0,0.0,270.0,1201.0,442185.0,0.086,31072945.0
2020-08-28,Ghana,0.0,43841.0,0.0,270.0,,,0.072,31072945.0
2020-08-29,Ghana,108.0,43949.0,0.0,270.0,,444081.0,0.08,31072945.0
2020-08-30,Ghana,169.0,44118.0,0.0,270.0,716.0,444797.0,0.079,31072945.0
2020-08-31,Ghana,87.0,44205.0,6.0,276.0,856.0,445653.0,0.089,31072945.0
2020-09-01,Ghana,93.0,44298.0,0.0,276.0,555.0,446208.0,0.0969999999999999,31072945.0
2020-09-02,Ghana,162.0,44460.0,0.0,276.0,659.0,446867.0,0.126,31072945.0
2020-09-03,Ghana,198.0,44658.0,0.0,276.0,1034.0,447901.0,0.143,31072945.0
2020-09-04,Ghana,55.0,44713.0,4.0,280.0,919.0,448820.0,0.153,31072945.0
2020-09-05,Ghana,64.0,44777.0,3.0,283.0,868.0,449688.0,0.148,31072945.0
2020-09-06,Ghana,0.0,44777.0,0.0,283.0,1184.0,450872.0,0.108,31072945.0
2020-09-07,Ghana,0.0,44777.0,0.0,283.0,718.0,451590.0,0.096,31072945.0
2020-09-08,Ghana,235.0,45012.0,0.0,283.0,594.0,452184.0,0.119,31072945.0
2020-09-09,Ghana,0.0,45012.0,0.0,283.0,1066.0,453250.0,0.086,31072945.0
2020-09-10,Ghana,301.0,45313.0,0.0,283.0,852.0,454102.0,0.106,31072945.0
2020-09-11,Ghana,0.0,45313.0,0.0,283.0,810.0,454912.0,0.099,31072945.0
2020-09-12,Ghana,75.0,45388.0,2.0,285.0,1137.0,456049.0,0.096,31072945.0
2020-09-13,Ghana,46.0,45434.0,1.0,286.0,1043.0,457092.0,0.106,31072945.0
2020-09-14,Ghana,0.0,45434.0,0.0,286.0,,,,31072945.0
2020-09-15,Ghana,167.0,45601.0,8.0,294.0,,,,31072945.0
2020-09-16,Ghana,54.0,45655.0,0.0,294.0,,,,31072945.0
2020-09-17,Ghana,0.0,45655.0,0.0,294.0,,,,31072945.0
2020-09-18,Ghana,59.0,45714.0,0.0,294.0,,,,31072945.0
2020-09-19,Ghana,143.0,45857.0,1.0,295.0,,,,31072945.0
